Protocollo;Gruppo;DataOraIncidente;Localizzazione1;STRADA1;Localizzazione2;STRADA2;Strada02;Chilometrica;DaSpecificare;NaturaIncidente;particolaritastrade;TipoStrada;FondoStradale;Pavimentazione;Segnaletica;CondizioneAtmosferica;Traffico;Visibilita;Illuminazione;NUM_FERITI;NUM_RISERVATA;NUM_MORTI;NUM_ILLESI;Longitudine;Latitudine;Confermato;Progressivo;TipoVeicolo;StatoVeicolo;TipoPersona;Sesso;Tipolesione;Deceduto;DecedutoDopo;CinturaCascoUtilizzato;Airbag
2121645;1;06/08/2014 13:00;Strada Urbana;PIAZZA POLLAROLA;all'intersezione con;VIA DEL BISCIONE;VIA DEL BISCIONE;;;Veicolo in marcia contro veicoli in sosta;Incrocio;Una carreggiata a senso unico di marcia;Asciutto;In cubetti di porfido;Verticale;Sereno;Normale;Buona;Ore Diurne;0;0;0;4;12.47294;41.89559;-1;2;Autocarro inferiore 35 q.;In marcia / fermata / arresto;Passeggero;M;Illeso;0;;Non accertato;
2121650;7;06/08/2014 18:15;Strada Urbana;VIALE GIOVANNI BATTISTA VALENTE;in corrispondenza;;del civico n.;fr. 15;;Veicolo in marcia contro ostacolo fisso;Rettilineo;Una carreggiata a doppio senso;Asciutto;Asfaltata;Verticale ed orizzontale;Sereno;Normale;Buona;Ore Diurne;0;0;0;1;12.56661;41.89527;-1;1;Autovettura privata;In marcia / fermata / arresto;Conducente;M;Illeso;0;;Non accertato;Inesploso
2121667;7;06/08/2014 12:45;Strada Urbana;VIALE DELLA PRIMAVERA;in corrispondenza;;del civico n.;20;;Tamponamento;Rettilineo;Due carreggiate;Asciutto;Asfaltata;Verticale ed orizzontale;Sereno;Normale;Buona;Ore Diurne;0;0;0;2;12.56048;41.88097;-1;1;Autovettura privata;In marcia / fermata / arresto;Conducente;M;Illeso;0;;Non accertato;
2121667;7;06/08/2014 12:45;Strada Urbana;VIALE DELLA PRIMAVERA;in corrispondenza;;del civico n.;20;;Tamponamento;Rettilineo;Due carreggiate;Asciutto;Asfaltata;Verticale ed orizzontale;Sereno;Normale;Buona;Ore Diurne;0;0;0;2;12.56048;41.88097;-1;2;Motociclo a solo;In marcia / fermata / arresto;Conducente;M;Illeso;0;;Utilizzato;
2121669;12;07/08/2014 00:36;Strada Urbana;VIA ARDEATINA;in prossimità;;del civico n.;7;;Scontro frontale/laterale SX fra veicoli in marcia;Curva a visuale libera;Una carreggiata a doppio senso;Asciutto;Asfaltata;Verticale ed orizzontale;Sereno;Scarso;Insufficiente;Inesistente;2;0;0;0;12.51976;41.82167;-1;1;Autovettura privata;In marcia / fermata / arresto;Conducente;M;Rimandato;0;NON DECEDUTO;Utilizzato;Inesploso
2121669;12;07/08/2014 00:36;Strada Urbana;VIA ARDEATINA;in prossimità;;del civico n.;7;;Scontro frontale/laterale SX fra veicoli in marcia;Curva a visuale libera;Una carreggiata a doppio senso;Asciutto;Asfaltata;Verticale ed orizzontale;Sereno;Scarso;Insufficiente;Inesistente;2;0;0;0;12.51976;41.82167;-1;2;Autovettura privata;In marcia / fermata / arresto;Conducente;F;Rimandato;0;NON DECEDUTO;Utilizzato;Inesploso
2121670;19;07/08/2014 08:40;Strada Urbana;VIA AUGUSTO TEBALDI;all'intersezione con;VIA GIUSEPPE GIROLAMI;VIA GIUSEPPE GIROLAMI;;;Veicolo in marcia contro veicoli in sosta;Intersezione stradale segnalata;Una carreggiata a senso unico di marcia;Asciutto;Asfaltata;Verticale ed orizzontale;Sereno;Scarso;Buona;Ore Diurne;0;0;0;3;12.41577;41.92961;-1;1;Autovettura privata;In marcia / fermata / arresto;Conducente;M;Illeso;0;;Non accertato;Inesploso
2121670;19;07/08/2014 08:40;Strada Urbana;VIA AUGUSTO TEBALDI;all'intersezione con;VIA GIUSEPPE GIROLAMI;VIA GIUSEPPE GIROLAMI;;;Veicolo in marcia contro veicoli in sosta;Intersezione stradale segnalata;Una carreggiata a senso unico di marcia;Asciutto;Asfaltata;Verticale ed orizzontale;Sereno;Scarso;Buona;Ore Diurne;0;0;0;3;12.41577;41.92961;-1;1;Autovettura privata;In marcia / fermata / arresto;Passeggero;F;Illeso;0;;Non accertato;Inesploso
2121670;19;07/08/2014 08:40;Strada Urbana;VIA AUGUSTO TEBALDI;all'intersezione con;VIA GIUSEPPE GIROLAMI;VIA GIUSEPPE GIROLAMI;;;Veicolo in marcia contro veicoli in sosta;Intersezione stradale segnalata;Una carreggiata a senso unico di marcia;Asciutto;Asfaltata;Verticale ed orizzontale;Sereno;Scarso;Buona;Ore Diurne;0;0;0;3;12.41577;41.92961;-1;1;Autovettura privata;In marcia / fermata / arresto;Passeggero;F;Illeso;0;;Non accertato;Inesistente
2121673;12;05/08/2014 15:00;Strada Urbana;VIALE DEL PATTINAGGIO;da specificare;;;;pross. V.le C. Colombo, dir. Viadotto;Veicolo in marcia contro ostacolo accidentale;Curva a visuale libera;Una carreggiata a senso unico di marcia;Viscido da liquidi oleosi;Asfaltata;Verticale ed orizzontale;Sereno;Normale;Buona;Ore Diurne;1;0;0;0;12.47292;41.8414;-1;1;Motociclo a solo;In marcia / fermata / arresto;Conducente;M;Rimandato;0;NON DECEDUTO;Utilizzato;
2121674;20;07/08/2014 09:50;Strada Urbana;LUNGOTEVERE MARESCIALLO DIAZ;da specificare;;;;direzione centro Palazzina Coni H;Tamponamento;Rettilineo;Due carreggiate;Asciutto;Asfaltata;Verticale ed orizzontale;Sereno;Scarso;Buona;Ore Diurne;1;0;0;1;12.45896;41.93056;-1;1;Velocipede;In marcia / fermata / arresto;Conducente;M;Rimandato;0;NON DECEDUTO;Esente;
2121674;20;07/08/2014 09:50;Strada Urbana;LUNGOTEVERE MARESCIALLO DIAZ;da specificare;;;;direzione centro Palazzina Coni H;Tamponamento;Rettilineo;Due carreggiate;Asciutto;Asfaltata;Verticale ed orizzontale;Sereno;Scarso;Buona;Ore Diurne;1;0;0;1;12.45896;41.93056;-1;2;Autovettura privata;In marcia / fermata / arresto;Conducente;M;Illeso;0;;Non accertato;Inesploso
2121694;12;07/08/2014 08:40;Strada Urbana;VIA LAURENTINA;in prossimità;;del civico n.;526;;Tamponamento Multiplo;Rettilineo;Due carreggiate;Asciutto;Asfaltata;Verticale ed orizzontale;Sereno;Normale;Buona;Ore Diurne;0;0;0;3;12.47888;41.82805;-1;1;Autovettura privata;In marcia / fermata / arresto;Conducente;F;Illeso;0;;Utilizzato;Inesploso
2121694;12;07/08/2014 08:40;Strada Urbana;VIA LAURENTINA;in prossimità;;del civico n.;526;;Tamponamento Multiplo;Rettilineo;Due carreggiate;Asciutto;Asfaltata;Verticale ed orizzontale;Sereno;Normale;Buona;Ore Diurne;0;0;0;3;12.47888;41.82805;-1;2;Autovettura privata;In marcia / fermata / arresto;Conducente;M;Illeso;0;;Utilizzato;Inesploso
2121694;12;07/08/2014 08:40;Strada Urbana;VIA LAURENTINA;in prossimità;;del civico n.;526;;Tamponamento Multiplo;Rettilineo;Due carreggiate;Asciutto;Asfaltata;Verticale ed orizzontale;Sereno;Normale;Buona;Ore Diurne;0;0;0;3;12.47888;41.82805;-1;3;Autovettura privata;In marcia / fermata / arresto;Conducente;F;Illeso;0;;Utilizzato;Inesploso
2121697;16;05/08/2014 23:30;Strada Urbana;VIA ALESSANDRO POERIO;in corrispondenza;;del civico n.;55;;Scontro laterale fra veicoli in marcia;Rettilineo;Una carreggiata a senso unico di marcia;Asciutto;Asfaltata;Orizzontale;Sereno;Normale;Sufficiente;Sufficiente;1;0;0;2;12.46299;41.87751;-1;1;Autovettura privata;In marcia / fermata / arresto;Conducente;F;Illeso;0;;Non accertato;
2121697;16;05/08/2014 23:30;Strada Urbana;VIA ALESSANDRO POERIO;in corrispondenza;;del civico n.;55;;Scontro laterale fra veicoli in marcia;Rettilineo;Una carreggiata a senso unico di marcia;Asciutto;Asfaltata;Orizzontale;Sereno;Normale;Sufficiente;Sufficiente;1;0;0;2;12.46299;41.87751;-1;1;Autovettura privata;In marcia / fermata / arresto;Passeggero;F;Illeso;0;;Non accertato;
2121697;16;05/08/2014 23:30;Strada Urbana;VIA ALESSANDRO POERIO;in corrispondenza;;del civico n.;55;;Scontro laterale fra veicoli in marcia;Rettilineo;Una carreggiata a senso unico di marcia;Asciutto;Asfaltata;Orizzontale;Sereno;Normale;Sufficiente;Sufficiente;1;0;0;2;12.46299;41.87751;-1;2;Motociclo con passeggero;In marcia / fermata / arresto;Conducente;M;Ricoverato;0;NON DECEDUTO;Non accertato;
2121701;1;06/08/2014 15:40;Strada Urbana;VIA DEL CASTRO PRETORIO;all'intersezione con;VIA VARESE;VIA VARESE;;;Scontro frontale/laterale SX fra veicoli in marcia;Incrocio;Una carreggiata a doppio senso;Asciutto;Asfaltata;Verticale ed orizzontale;Sereno;Intenso;Buona;Ore Diurne;1;0;0;1;12.50687;41.90267;-1;1;Autobus di linea;In marcia / fermata / arresto;Conducente;M;Illeso;0;;Non accertato;
2121701;1;06/08/2014 15:40;Strada Urbana;VIA DEL CASTRO PRETORIO;all'intersezione con;VIA VARESE;VIA VARESE;;;Scontro frontale/laterale SX fra veicoli in marcia;Incrocio;Una carreggiata a doppio senso;Asciutto;Asfaltata;Verticale ed orizzontale;Sereno;Intenso;Buona;Ore Diurne;1;0;0;1;12.50687;41.90267;-1;2;Motociclo a solo;In marcia / fermata / arresto;Conducente;M;Rimandato;0;NON DECEDUTO;Non accertato;
2121706;2;06/08/2014 19:45;Strada Urbana;VIA DEL FORO ITALICO;da specificare;;;;alt. svincolo rampa via salaria centro;Veicolo in marcia contro ostacolo fisso;Rettilineo;Due carreggiate;Asciutto;Asfaltata;Verticale ed orizzontale;Sereno;Scarso;Buona;Sufficiente;1;0;0;1;12.50806;41.93774;-1;1;Autovettura privata;In marcia / fermata / arresto;Conducente;M;Illeso;0;;Non accertato;Inesploso
2121706;2;06/08/2014 19:45;Strada Urbana;VIA DEL FORO ITALICO;da specificare;;;;alt. svincolo rampa via salaria centro;Veicolo in marcia contro ostacolo fisso;Rettilineo;Due carreggiate;Asciutto;Asfaltata;Verticale ed orizzontale;Sereno;Scarso;Buona;Sufficiente;1;0;0;1;12.50806;41.93774;-1;2;Motociclo a solo;In marcia / fermata / arresto;Conducente;M;Rimandato;0;NON DECEDUTO;Non accertato;
2121710;8;07/08/2014 10:00;Strada Urbana;VIA DELLA RISERVA NUOVA;all'intersezione semaforizzata con;VIA PRENESTINA;VIA PRENESTINA;;;Scontro laterale fra veicoli in marcia;Intersezione semaforizzata;Una carreggiata a doppio senso;Asciutto;Asfaltata;Verticale ed orizzontale;Sereno;Normale;Sufficiente;Ore Diurne;0;0;0;2;12.68036;41.89054;-1;1;Autovettura privata;In marcia / fermata / arresto;Conducente;M;Illeso;0;;Non accertato;Inesploso
2121710;8;07/08/2014 10:00;Strada Urbana;VIA DELLA RISERVA NUOVA;all'intersezione semaforizzata con;VIA PRENESTINA;VIA PRENESTINA;;;Scontro laterale fra veicoli in marcia;Intersezione semaforizzata;Una carreggiata a doppio senso;Asciutto;Asfaltata;Verticale ed orizzontale;Sereno;Normale;Sufficiente;Ore Diurne;0;0;0;2;12.68036;41.89054;-1;2;Autocarro superiore 35 q.;In marcia / fermata / arresto;Conducente;M;Illeso;0;;Non accertato;Inesistente
2121717;1;05/08/2014 19:00;Strada Urbana;PIAZZA DI PORTA S. GIOVANNI;all'intersezione con;VIA EMANUELE FILIBERTO;VIA EMANUELE FILIBERTO;;;Scontro laterale fra veicoli in marcia;Intersezione semaforizzata;Una carreggiata a doppio senso;Asciutto;Asfaltata;Verticale ed orizzontale;Sereno;Normale;Buona;Ore Diurne;1;0;0;1;12.5075;41.88664;-1;1;Motociclo a solo;In marcia / fermata / arresto;Conducente;M;Rimandato;0;NON DECEDUTO;;
2121717;1;05/08/2014 19:00;Strada Urbana;PIAZZA DI PORTA S. GIOVANNI;all'intersezione con;VIA EMANUELE FILIBERTO;VIA EMANUELE FILIBERTO;;;Scontro laterale fra veicoli in marcia;Intersezione semaforizzata;Una carreggiata a doppio senso;Asciutto;Asfaltata;Verticale ed orizzontale;Sereno;Normale;Buona;Ore Diurne;1;0;0;1;12.5075;41.88664;-1;2;Autobus di linea;In marcia / fermata / arresto;Conducente;M;Illeso;0;;;
2121741;2;06/08/2014 19:15;Strada Urbana;VIA SALARIA;in prossimità;;del civico n.;277;;Scontro frontale/laterale SX fra veicoli in marcia;Rettilineo;Due carreggiate;Asciutto;Asfaltata;Verticale ed orizzontale;Sereno;Normale;Buona;Ore Diurne;0;0;0;3;12.50317;41.92404;-1;1;Motociclo a solo;In marcia / fermata / arresto;Conducente;M;Illeso;0;;Non accertato;
2121741;2;06/08/2014 19:15;Strada Urbana;VIA SALARIA;in prossimità;;del civico n.;277;;Scontro frontale/laterale SX fra veicoli in marcia;Rettilineo;Due carreggiate;Asciutto;Asfaltata;Verticale ed orizzontale;Sereno;Normale;Buona;Ore Diurne;0;0;0;3;12.50317;41.92404;-1;2;Autovettura privata;In marcia / fermata / arresto;Conducente;M;Illeso;0;;Non accertato;Inesploso
2121741;2;06/08/2014 19:15;Strada Urbana;VIA SALARIA;in prossimità;;del civico n.;277;;Scontro frontale/laterale SX fra veicoli in marcia;Rettilineo;Due carreggiate;Asciutto;Asfaltata;Verticale ed orizzontale;Sereno;Normale;Buona;Ore Diurne;0;0;0;3;12.50317;41.92404;-1;3;Autovettura privata;In marcia / fermata / arresto;Conducente;F;Illeso;0;;Non accertato;Inesploso
2121769;20;06/08/2014 18:00;Strada Urbana;VIA VEIENTANA;all'intersezione con;VIA DELL'OSPEDALETTO MARZIALE;VIA DELL'OSPEDALETTO MARZIALE;;;Scontro laterale fra veicoli in marcia;Intersezione non regolata/non segnalata;Una carreggiata a doppio senso;Asciutto;Asfaltata;Assente;Sereno;Scarso;Buona;Ore Diurne;0;0;0;2;12.44395;41.97433;-1;1;Autovettura privata;In marcia / fermata / arresto;Conducente;M;Illeso;0;;Non accertato;Inesploso
2121769;20;06/08/2014 18:00;Strada Urbana;VIA VEIENTANA;all'intersezione con;VIA DELL'OSPEDALETTO MARZIALE;VIA DELL'OSPEDALETTO MARZIALE;;;Scontro laterale fra veicoli in marcia;Intersezione non regolata/non segnalata;Una carreggiata a doppio senso;Asciutto;Asfaltata;Assente;Sereno;Scarso;Buona;Ore Diurne;0;0;0;2;12.44395;41.97433;-1;2;Autovettura privata;In marcia / fermata / arresto;Conducente;M;Illeso;0;;Non accertato;Inesploso
2121777;23;04/08/2014 16:10;Strada Urbana;VIA CRISTOFORO COLOMBO;all'intersezione semaforizzata con;VIA DI CASAL PALOCCO;VIA DI CASAL PALOCCO;;;Tamponamento;Intersezione semaforizzata;Più di due carreggiate;Asciutto;Asfaltata;Verticale ed orizzontale;Sereno;Scarso;Buona;Ore Diurne;0;0;0;4;12.43204;41.7931;-1;1;Autovettura privata;In marcia / fermata / arresto;Conducente;F;Illeso;0;;Utilizzato;
2121777;23;04/08/2014 16:10;Strada Urbana;VIA CRISTOFORO COLOMBO;all'intersezione semaforizzata con;VIA DI CASAL PALOCCO;VIA DI CASAL PALOCCO;;;Tamponamento;Intersezione semaforizzata;Più di due carreggiate;Asciutto;Asfaltata;Verticale ed orizzontale;Sereno;Scarso;Buona;Ore Diurne;0;0;0;4;12.43204;41.7931;-1;2;Autovettura privata;In marcia / fermata / arresto;Conducente;F;Illeso;0;;Utilizzato;
2121777;23;04/08/2014 16:10;Strada Urbana;VIA CRISTOFORO COLOMBO;all'intersezione semaforizzata con;VIA DI CASAL PALOCCO;VIA DI CASAL PALOCCO;;;Tamponamento;Intersezione semaforizzata;Più di due carreggiate;Asciutto;Asfaltata;Verticale ed orizzontale;Sereno;Scarso;Buona;Ore Diurne;0;0;0;4;12.43204;41.7931;-1;2;Autovettura privata;In marcia / fermata / arresto;Passeggero;M;Illeso;0;;Non accertato;Inesploso
2121777;23;04/08/2014 16:10;Strada Urbana;VIA CRISTOFORO COLOMBO;all'intersezione semaforizzata con;VIA DI CASAL PALOCCO;VIA DI CASAL PALOCCO;;;Tamponamento;Intersezione semaforizzata;Più di due carreggiate;Asciutto;Asfaltata;Verticale ed orizzontale;Sereno;Scarso;Buona;Ore Diurne;0;0;0;4;12.43204;41.7931;-1;2;Autovettura privata;In marcia / fermata / arresto;Passeggero;F;Illeso;0;;Utilizzato;
2121798;12;06/08/2014 19:30;Strada Urbana;VIALE DELL'UMANESIMO;da specificare;;;;intersezione con VIA C.COLOMBO (dir.LAURENTINA);Scontro laterale fra veicoli in marcia;Rettilineo;Una carreggiata a doppio senso;Asciutto;Asfaltata;Verticale ed orizzontale;Sereno;Normale;Buona;Ore Diurne;0;0;0;3;12.46774;41.82388;-1;1;Autovettura privata;In marcia / fermata / arresto;Conducente;F;Illeso;0;;Utilizzato;Inesploso
2121798;12;06/08/2014 19:30;Strada Urbana;VIALE DELL'UMANESIMO;da specificare;;;;intersezione con VIA C.COLOMBO (dir.LAURENTINA);Scontro laterale fra veicoli in marcia;Rettilineo;Una carreggiata a doppio senso;Asciutto;Asfaltata;Verticale ed orizzontale;Sereno;Normale;Buona;Ore Diurne;0;0;0;3;12.46774;41.82388;-1;2;Autovettura privata;In marcia / fermata / arresto;Conducente;M;Illeso;0;;Utilizzato;Inesploso
2121798;12;06/08/2014 19:30;Strada Urbana;VIALE DELL'UMANESIMO;da specificare;;;;intersezione con VIA C.COLOMBO (dir.LAURENTINA);Scontro laterale fra veicoli in marcia;Rettilineo;Una carreggiata a doppio senso;Asciutto;Asfaltata;Verticale ed orizzontale;Sereno;Normale;Buona;Ore Diurne;0;0;0;3;12.46774;41.82388;-1;2;Autovettura privata;In marcia / fermata / arresto;Passeggero;F;Illeso;0;;Utilizzato;Inesploso
2121894;13;07/08/2014 14:30;Strada Urbana;VIA GINO BONICHI;all'intersezione con;VIA TELEMACO SIGNORINI;VIA TELEMACO SIGNORINI;;;Scontro frontale/laterale DX fra veicoli in marcia;Incrocio;Una carreggiata a doppio senso;Asciutto;Asfaltata;Assente;Sereno;Scarso;Buona;Ore Diurne;3;0;0;1;12.35889;41.77649;-1;1;Autovettura privata;In marcia / fermata / arresto;Conducente;M;Rimandato;0;NON DECEDUTO;Non accertato;Esploso
2121894;13;07/08/2014 14:30;Strada Urbana;VIA GINO BONICHI;all'intersezione con;VIA TELEMACO SIGNORINI;VIA TELEMACO SIGNORINI;;;Scontro frontale/laterale DX fra veicoli in marcia;Incrocio;Una carreggiata a doppio senso;Asciutto;Asfaltata;Assente;Sereno;Scarso;Buona;Ore Diurne;3;0;0;1;12.35889;41.77649;-1;1;Autovettura privata;In marcia / fermata / arresto;Passeggero;M;Illeso;0;;Non accertato;Esploso
2121894;13;07/08/2014 14:30;Strada Urbana;VIA GINO BONICHI;all'intersezione con;VIA TELEMACO SIGNORINI;VIA TELEMACO SIGNORINI;;;Scontro frontale/laterale DX fra veicoli in marcia;Incrocio;Una carreggiata a doppio senso;Asciutto;Asfaltata;Assente;Sereno;Scarso;Buona;Ore Diurne;3;0;0;1;12.35889;41.77649;-1;2;Autovettura privata;In marcia / fermata / arresto;Conducente;M;Rimandato;0;NON DECEDUTO;Non accertato;Esploso
2121894;13;07/08/2014 14:30;Strada Urbana;VIA GINO BONICHI;all'intersezione con;VIA TELEMACO SIGNORINI;VIA TELEMACO SIGNORINI;;;Scontro frontale/laterale DX fra veicoli in marcia;Incrocio;Una carreggiata a doppio senso;Asciutto;Asfaltata;Assente;Sereno;Scarso;Buona;Ore Diurne;3;0;0;1;12.35889;41.77649;-1;3;Velocipede;In marcia / fermata / arresto;Conducente;M;Rimandato;0;NON DECEDUTO;Esente;
2121926;2;07/08/2014 13:45;Strada Urbana;VIA PIETRO ANTONIO MICHELI;in prossimità;;del civico n.;51;;Veicolo in marcia contro veicolo in sosta;Rettilineo;Una carreggiata a senso unico di marcia;Asciutto;Asfaltata;Verticale ed orizzontale;Sereno;Scarso;Buona;Ore Diurne;0;0;0;1;12.48205;41.92474;-1;2;Autovettura privata;In marcia / fermata / arresto;Conducente;F;Illeso;0;;Non accertato;Inesploso
2121970;18;07/08/2014 16:00;Strada Urbana;VIA LEONE IX;all'intersezione con;VIA AURELIA;VIA AURELIA;;;Scontro frontale/laterale SX fra veicoli in marcia;Incrocio;Una carreggiata a doppio senso;Asciutto;Asfaltata;Verticale ed orizzontale;Sereno;Normale;Sufficiente;Ore Diurne;1;0;0;1;12.45054;41.89974;-1;1;Motociclo a solo;In marcia / fermata / arresto;Conducente;M;Rimandato;0;NON DECEDUTO;Non accertato;
2121970;18;07/08/2014 16:00;Strada Urbana;VIA LEONE IX;all'intersezione con;VIA AURELIA;VIA AURELIA;;;Scontro frontale/laterale SX fra veicoli in marcia;Incrocio;Una carreggiata a doppio senso;Asciutto;Asfaltata;Verticale ed orizzontale;Sereno;Normale;Sufficiente;Ore Diurne;1;0;0;1;12.45054;41.89974;-1;2;Autovettura privata;In marcia / fermata / arresto;Conducente;M;Illeso;0;;Non accertato;Inesploso
2121983;12;07/08/2014 17:40;Strada Urbana;VIA ALDO DELLA ROCCA;in prossimità;;del civico n.;6;;Scontro laterale fra veicoli in marcia;Curva senza visuale libera;Una carreggiata a doppio senso;Asciutto;Asfaltata;Orizzontale;Sereno;Scarso;Buona;Ore Diurne;1;0;0;1;12.42774;41.78765;-1;1;Autovettura privata;In marcia / fermata / arresto;Conducente;F;Rimandato;0;NON DECEDUTO;Non accertato;
2121983;12;07/08/2014 17:40;Strada Urbana;VIA ALDO DELLA ROCCA;in prossimità;;del civico n.;6;;Scontro laterale fra veicoli in marcia;Curva senza visuale libera;Una carreggiata a doppio senso;Asciutto;Asfaltata;Orizzontale;Sereno;Scarso;Buona;Ore Diurne;1;0;0;1;12.42774;41.78765;-1;2;Autocarro inferiore 35 q.;In marcia / fermata / arresto;Conducente;M;Illeso;0;;Utilizzato;Inesploso
2122015;1;07/08/2014 15:30;Strada Urbana;VIA DEL TEATRO DI MARCELLO;all'intersezione semaforizzata con;VIA DEL FORO OLITORIO;VIA DEL FORO OLITORIO;;;Scontro frontale/laterale DX fra veicoli in marcia;Intersezione semaforizzata;Una carreggiata a doppio senso;Asciutto;Asfaltata;Verticale ed orizzontale;Sereno;Normale;Buona;Ore Diurne;0;1;0;2;12.48043;41.89088;-1;1;Motociclo a solo;In marcia / fermata / arresto;Conducente;M;Prognosi riservata;0;NON DECEDUTO;Non accertato;
2122015;1;07/08/2014 15:30;Strada Urbana;VIA DEL TEATRO DI MARCELLO;all'intersezione semaforizzata con;VIA DEL FORO OLITORIO;VIA DEL FORO OLITORIO;;;Scontro frontale/laterale DX fra veicoli in marcia;Intersezione semaforizzata;Una carreggiata a doppio senso;Asciutto;Asfaltata;Verticale ed orizzontale;Sereno;Normale;Buona;Ore Diurne;0;1;0;2;12.48043;41.89088;-1;2;Autovettura privata;In marcia / fermata / arresto;Conducente;M;Illeso;0;;Non accertato;
2122015;1;07/08/2014 15:30;Strada Urbana;VIA DEL TEATRO DI MARCELLO;all'intersezione semaforizzata con;VIA DEL FORO OLITORIO;VIA DEL FORO OLITORIO;;;Scontro frontale/laterale DX fra veicoli in marcia;Intersezione semaforizzata;Una carreggiata a doppio senso;Asciutto;Asfaltata;Verticale ed orizzontale;Sereno;Normale;Buona;Ore Diurne;0;1;0;2;12.48043;41.89088;-1;2;Autovettura privata;In marcia / fermata / arresto;Passeggero;M;Illeso;0;;;
2122018;19;07/08/2014 19:45;Strada Urbana;VIA ANDERSEN;da specificare;;;;rotonda;Scontro laterale fra veicoli in marcia;Curva a visuale libera;Una carreggiata a senso unico di marcia;Asciutto;Asfaltata;Orizzontale;Sereno;Scarso;Buona;Ore Diurne;2;0;0;2;12.39572;41.92042;-1;1;Autovettura privata;In marcia / fermata / arresto;Conducente;F;Illeso;0;;;
2122018;19;07/08/2014 19:45;Strada Urbana;VIA ANDERSEN;da specificare;;;;rotonda;Scontro laterale fra veicoli in marcia;Curva a visuale libera;Una carreggiata a senso unico di marcia;Asciutto;Asfaltata;Orizzontale;Sereno;Scarso;Buona;Ore Diurne;2;0;0;2;12.39572;41.92042;-1;1;Autovettura privata;In marcia / fermata / arresto;Passeggero;F;Illeso;0;;;
2122018;19;07/08/2014 19:45;Strada Urbana;VIA ANDERSEN;da specificare;;;;rotonda;Scontro laterale fra veicoli in marcia;Curva a visuale libera;Una carreggiata a senso unico di marcia;Asciutto;Asfaltata;Orizzontale;Sereno;Scarso;Buona;Ore Diurne;2;0;0;2;12.39572;41.92042;-1;2;Motociclo a solo;In marcia / fermata / arresto;Conducente;F;Rimandato;0;NON DECEDUTO;;
2122018;19;07/08/2014 19:45;Strada Urbana;VIA ANDERSEN;da specificare;;;;rotonda;Scontro laterale fra veicoli in marcia;Curva a visuale libera;Una carreggiata a senso unico di marcia;Asciutto;Asfaltata;Orizzontale;Sereno;Scarso;Buona;Ore Diurne;2;0;0;2;12.39572;41.92042;-1;2;Motociclo a solo;In marcia / fermata / arresto;Passeggero;F;Rimandato;0;NON DECEDUTO;;
2122120;18;07/08/2014 23:30;Strada Urbana;PIAZZA DEI GIURECONSULTI;all'intersezione con;VIA DI BOCCEA;VIA DI BOCCEA;;;Scontro frontale/laterale SX fra veicoli in marcia;Intersezione stradale segnalata;Una carreggiata a doppio senso;Asciutto;Asfaltata;Verticale ed orizzontale;Sereno;Scarso;Buona;Sufficiente;2;0;0;3;12.42551;41.902;-1;1;Autovettura privata;In marcia / fermata / arresto;Conducente;M;Illeso;0;;Non accertato;Inesploso
2122120;18;07/08/2014 23:30;Strada Urbana;PIAZZA DEI GIURECONSULTI;all'intersezione con;VIA DI BOCCEA;VIA DI BOCCEA;;;Scontro frontale/laterale SX fra veicoli in marcia;Intersezione stradale segnalata;Una carreggiata a doppio senso;Asciutto;Asfaltata;Verticale ed orizzontale;Sereno;Scarso;Buona;Sufficiente;2;0;0;3;12.42551;41.902;-1;1;Autovettura privata;In marcia / fermata / arresto;Passeggero;F;Rimandato;0;NON DECEDUTO;Non accertato;Inesploso
2122120;18;07/08/2014 23:30;Strada Urbana;PIAZZA DEI GIURECONSULTI;all'intersezione con;VIA DI BOCCEA;VIA DI BOCCEA;;;Scontro frontale/laterale SX fra veicoli in marcia;Intersezione stradale segnalata;Una carreggiata a doppio senso;Asciutto;Asfaltata;Verticale ed orizzontale;Sereno;Scarso;Buona;Sufficiente;2;0;0;3;12.42551;41.902;-1;1;Autovettura privata;In marcia / fermata / arresto;Passeggero;M;Illeso;0;;Non accertato;Inesploso
2122120;18;07/08/2014 23:30;Strada Urbana;PIAZZA DEI GIURECONSULTI;all'intersezione con;VIA DI BOCCEA;VIA DI BOCCEA;;;Scontro frontale/laterale SX fra veicoli in marcia;Intersezione stradale segnalata;Una carreggiata a doppio senso;Asciutto;Asfaltata;Verticale ed orizzontale;Sereno;Scarso;Buona;Sufficiente;2;0;0;3;12.42551;41.902;-1;1;Autovettura privata;In marcia / fermata / arresto;Passeggero;F;Rimandato;0;NON DECEDUTO;Non accertato;Inesploso
2122120;18;07/08/2014 23:30;Strada Urbana;PIAZZA DEI GIURECONSULTI;all'intersezione con;VIA DI BOCCEA;VIA DI BOCCEA;;;Scontro frontale/laterale SX fra veicoli in marcia;Intersezione stradale segnalata;Una carreggiata a doppio senso;Asciutto;Asfaltata;Verticale ed orizzontale;Sereno;Scarso;Buona;Sufficiente;2;0;0;3;12.42551;41.902;-1;2;Autovettura privata;In marcia / fermata / arresto;Conducente;M;Illeso;0;;Non accertato;Inesploso