Protocollo;Gruppo;DataOraIncidente;Localizzazione1;STRADA1;Localizzazione2;STRADA2;Strada02;Chilometrica;DaSpecificare;NaturaIncidente;particolaritastrade;TipoStrada;FondoStradale;Pavimentazione;Segnaletica;CondizioneAtmosferica;Traffico;Visibilita;Illuminazione;NUM_FERITI;NUM_RISERVATA;NUM_MORTI;NUM_ILLESI;Longitudine;Latitudine;Confermato;Progressivo;TipoVeicolo;StatoVeicolo;TipoPersona;Sesso;Tipolesione;Deceduto;DecedutoDopo;CinturaCascoUtilizzato;Airbag
2123495;12;09/08/2014 21:50;Strada Urbana;VIA CRISTOFORO COLOMBO;da specificare;;;;183 MT. PRIMA DELL'INT.NE V.LE UMANIESIMO  ;Investimento di pedone;Rettilineo;Una carreggiata a senso unico di marcia;Asciutto;Asfaltata;Orizzontale;Sereno;Normale;Insufficiente;Insufficiente;0;0;1;1;12.46593;41.82286;-1;1;Autovettura privata;In marcia / fermata / arresto;Conducente;F;Illeso;0;;Utilizzato;Inesploso
2123496;4;08/08/2014 17:30;Strada Urbana;CORSO SEMPIONE;all'intersezione con;VIA GARGANO;VIA GARGANO;;;Scontro laterale fra veicoli in marcia;Intersezione semaforizzata;Una carreggiata a doppio senso;Asciutto;Asfaltata;Verticale ed orizzontale;Sereno;Intenso;Buona;Ore Diurne;0;0;0;2;12.53442;41.93539;-1;1;Autovettura privata;In marcia / fermata / arresto;Conducente;M;Illeso;0;;Non accertato;
2123496;4;08/08/2014 17:30;Strada Urbana;CORSO SEMPIONE;all'intersezione con;VIA GARGANO;VIA GARGANO;;;Scontro laterale fra veicoli in marcia;Intersezione semaforizzata;Una carreggiata a doppio senso;Asciutto;Asfaltata;Verticale ed orizzontale;Sereno;Intenso;Buona;Ore Diurne;0;0;0;2;12.53442;41.93539;-1;2;Autovettura privata;In marcia / fermata / arresto;Conducente;M;Illeso;0;;Non accertato;
2123499;13;09/08/2014 10:45;Strada Urbana;VIALE DEI ROMAGNOLI;in prossimità;;del civico n.;861;;Infortunio per caduta del veicolo;Rettilineo;Una carreggiata a doppio senso;Asciutto;Asfaltata;Verticale ed orizzontale;Sereno;Normale;Buona;Ore Diurne;1;0;0;0;12.30695;41.76255;-1;1;Motociclo a solo;In marcia / fermata / arresto;Conducente;M;Rimandato;0;NON DECEDUTO;;
2123500;4;09/08/2014 21:30;Strada Urbana;VIA DELLE VIGNE NUOVE;da specificare;;;; tratto fra L.go Visconti e Via G. Cervi;Scontro frontale/laterale SX fra veicoli in marcia;Rettilineo;Due carreggiate;Asciutto;Asfaltata;Verticale ed orizzontale;Sereno;Scarso;Buona;Sufficiente;0;0;0;6;12.53567;41.96407;-1;1;Autovettura privata;In marcia / fermata / arresto;Conducente;M;Illeso;0;;Non accertato;
2123500;4;09/08/2014 21:30;Strada Urbana;VIA DELLE VIGNE NUOVE;da specificare;;;; tratto fra L.go Visconti e Via G. Cervi;Scontro frontale/laterale SX fra veicoli in marcia;Rettilineo;Due carreggiate;Asciutto;Asfaltata;Verticale ed orizzontale;Sereno;Scarso;Buona;Sufficiente;0;0;0;6;12.53567;41.96407;-1;1;Autovettura privata;In marcia / fermata / arresto;Passeggero;F;Illeso;0;;Non accertato;
2123500;4;09/08/2014 21:30;Strada Urbana;VIA DELLE VIGNE NUOVE;da specificare;;;; tratto fra L.go Visconti e Via G. Cervi;Scontro frontale/laterale SX fra veicoli in marcia;Rettilineo;Due carreggiate;Asciutto;Asfaltata;Verticale ed orizzontale;Sereno;Scarso;Buona;Sufficiente;0;0;0;6;12.53567;41.96407;-1;1;Autovettura privata;In marcia / fermata / arresto;Passeggero;F;Illeso;0;;Non accertato;
2123500;4;09/08/2014 21:30;Strada Urbana;VIA DELLE VIGNE NUOVE;da specificare;;;; tratto fra L.go Visconti e Via G. Cervi;Scontro frontale/laterale SX fra veicoli in marcia;Rettilineo;Due carreggiate;Asciutto;Asfaltata;Verticale ed orizzontale;Sereno;Scarso;Buona;Sufficiente;0;0;0;6;12.53567;41.96407;-1;1;Autovettura privata;In marcia / fermata / arresto;Passeggero;M;Illeso;0;;Non accertato;
2123500;4;09/08/2014 21:30;Strada Urbana;VIA DELLE VIGNE NUOVE;da specificare;;;; tratto fra L.go Visconti e Via G. Cervi;Scontro frontale/laterale SX fra veicoli in marcia;Rettilineo;Due carreggiate;Asciutto;Asfaltata;Verticale ed orizzontale;Sereno;Scarso;Buona;Sufficiente;0;0;0;6;12.53567;41.96407;-1;1;Autovettura privata;In marcia / fermata / arresto;Passeggero;M;Illeso;0;;Non accertato;
2123500;4;09/08/2014 21:30;Strada Urbana;VIA DELLE VIGNE NUOVE;da specificare;;;; tratto fra L.go Visconti e Via G. Cervi;Scontro frontale/laterale SX fra veicoli in marcia;Rettilineo;Due carreggiate;Asciutto;Asfaltata;Verticale ed orizzontale;Sereno;Scarso;Buona;Sufficiente;0;0;0;6;12.53567;41.96407;-1;2;Autovettura privata;In marcia / fermata / arresto;Conducente;M;Illeso;0;;Non accertato;Inesploso
2123502;4;09/08/2014 00:40;Provinciale entro l'abitato;VIA NOMENTANA;da specificare;;;;fronte civ. 935;Veicolo in marcia contro veicolo in sosta;Rettilineo;Una carreggiata a doppio senso;Asciutto;Asfaltata;Orizzontale;Sereno;Scarso;Buona;Sufficiente;0;0;0;1;12.58026;41.95765;-1;1;Autovettura privata;In marcia / fermata / arresto;Conducente;M;Illeso;0;;Non accertato;
2123504;4;10/08/2014 12:50;Strada Urbana;VIA VAL DI LANZO;all'intersezione semaforizzata con;VIALE TIRRENO;VIALE TIRRENO;;;Scontro frontale/laterale DX fra veicoli in marcia;Intersezione semaforizzata;Una carreggiata a senso unico di marcia;Asciutto;Asfaltata;Verticale ed orizzontale;Sereno;Scarso;Buona;Ore Diurne;0;0;0;2;12.52868;41.94107;-1;1;Autovettura privata;In marcia / fermata / arresto;Conducente;M;Illeso;0;;Non accertato;Inesploso
2123504;4;10/08/2014 12:50;Strada Urbana;VIA VAL DI LANZO;all'intersezione semaforizzata con;VIALE TIRRENO;VIALE TIRRENO;;;Scontro frontale/laterale DX fra veicoli in marcia;Intersezione semaforizzata;Una carreggiata a senso unico di marcia;Asciutto;Asfaltata;Verticale ed orizzontale;Sereno;Scarso;Buona;Ore Diurne;0;0;0;2;12.52868;41.94107;-1;2;Autovettura privata;In marcia / fermata / arresto;Conducente;F;Illeso;0;;Non accertato;Inesploso
2123507;4;10/08/2014 17:00;Strada Urbana;VIA DI SETTEBAGNI;in prossimità;;del civico n.;733;;Scontro laterale fra veicoli in marcia;Curva senza visuale libera;Una carreggiata a doppio senso;Asciutto;Asfaltata;Verticale ed orizzontale;Sereno;Scarso;Buona;Ore Diurne;0;0;0;2;12.54495;41.96923;-1;1;Autovettura privata;In marcia / fermata / arresto;Conducente;M;Illeso;0;;Non accertato;Inesploso
2123507;4;10/08/2014 17:00;Strada Urbana;VIA DI SETTEBAGNI;in prossimità;;del civico n.;733;;Scontro laterale fra veicoli in marcia;Curva senza visuale libera;Una carreggiata a doppio senso;Asciutto;Asfaltata;Verticale ed orizzontale;Sereno;Scarso;Buona;Ore Diurne;0;0;0;2;12.54495;41.96923;-1;2;Autovettura privata;In marcia / fermata / arresto;Conducente;M;Illeso;0;;Non accertato;Inesploso
2123516;3;10/08/2014 11:30;Strada Urbana;VIALE REGINA ELENA;all'intersezione semaforizzata con;VIALE DELL'UNIVERSITA';VIALE DELL'UNIVERSITA';;;Scontro frontale/laterale SX fra veicoli in marcia;Intersezione semaforizzata;Una carreggiata a doppio senso;Asciutto;Asfaltata;Verticale ed orizzontale;Sereno;Scarso;Buona;Ore Diurne;1;0;0;2;12.5156;41.90565;-1;1;Autovettura privata;In marcia / fermata / arresto;Conducente;M;Illeso;0;;Utilizzato;Inesploso
2123516;3;10/08/2014 11:30;Strada Urbana;VIALE REGINA ELENA;all'intersezione semaforizzata con;VIALE DELL'UNIVERSITA';VIALE DELL'UNIVERSITA';;;Scontro frontale/laterale SX fra veicoli in marcia;Intersezione semaforizzata;Una carreggiata a doppio senso;Asciutto;Asfaltata;Verticale ed orizzontale;Sereno;Scarso;Buona;Ore Diurne;1;0;0;2;12.5156;41.90565;-1;1;Autovettura privata;In marcia / fermata / arresto;Passeggero;M;Illeso;0;;Utilizzato;Inesploso
2123516;3;10/08/2014 11:30;Strada Urbana;VIALE REGINA ELENA;all'intersezione semaforizzata con;VIALE DELL'UNIVERSITA';VIALE DELL'UNIVERSITA';;;Scontro frontale/laterale SX fra veicoli in marcia;Intersezione semaforizzata;Una carreggiata a doppio senso;Asciutto;Asfaltata;Verticale ed orizzontale;Sereno;Scarso;Buona;Ore Diurne;1;0;0;2;12.5156;41.90565;-1;2;Motociclo a solo;In marcia / fermata / arresto;Conducente;M;Ricoverato;0;NON DECEDUTO;Utilizzato;
2123539;20;10/08/2014 18:10;Provinciale;VIA TIBERINA;in prossimità;;della chilometrica;4.7;;Tamponamento;Rettilineo;Una carreggiata a doppio senso;Asciutto;Asfaltata;Verticale ed orizzontale;Sereno;Normale;Buona;Ore Diurne;0;0;0;3;12.50548;42.02225;-1;1;Autovettura privata;In marcia / fermata / arresto;Conducente;M;Illeso;0;;Non accertato;Inesploso
2123539;20;10/08/2014 18:10;Provinciale;VIA TIBERINA;in prossimità;;della chilometrica;4.7;;Tamponamento;Rettilineo;Una carreggiata a doppio senso;Asciutto;Asfaltata;Verticale ed orizzontale;Sereno;Normale;Buona;Ore Diurne;0;0;0;3;12.50548;42.02225;-1;2;Autovettura privata;In marcia / fermata / arresto;Conducente;M;Illeso;0;;Non accertato;Esploso
2123539;20;10/08/2014 18:10;Provinciale;VIA TIBERINA;in prossimità;;della chilometrica;4.7;;Tamponamento;Rettilineo;Una carreggiata a doppio senso;Asciutto;Asfaltata;Verticale ed orizzontale;Sereno;Normale;Buona;Ore Diurne;0;0;0;3;12.50548;42.02225;-1;2;Autovettura privata;In marcia / fermata / arresto;Passeggero;F;Illeso;0;;Non accertato;Esploso
2123541;17;09/08/2014 14:20;Strada Urbana;VIA TIMAVO;all'intersezione semaforizzata con;LUNGOTEVERE DELLA VITTORIA;LUNGOTEVERE DELLA VITTORIA;;;Tamponamento;Intersezione semaforizzata;Due carreggiate;Asciutto;Asfaltata;Verticale ed orizzontale;Sereno;Normale;Buona;Ore Diurne;0;0;0;4;12.462;41.92118;-1;1;Autovettura privata;In marcia / fermata / arresto;Conducente;M;Illeso;0;;;
2123541;17;09/08/2014 14:20;Strada Urbana;VIA TIMAVO;all'intersezione semaforizzata con;LUNGOTEVERE DELLA VITTORIA;LUNGOTEVERE DELLA VITTORIA;;;Tamponamento;Intersezione semaforizzata;Due carreggiate;Asciutto;Asfaltata;Verticale ed orizzontale;Sereno;Normale;Buona;Ore Diurne;0;0;0;4;12.462;41.92118;-1;2;Autovettura privata;In marcia / fermata / arresto;Conducente;F;Illeso;0;;Non accertato;
2123541;17;09/08/2014 14:20;Strada Urbana;VIA TIMAVO;all'intersezione semaforizzata con;LUNGOTEVERE DELLA VITTORIA;LUNGOTEVERE DELLA VITTORIA;;;Tamponamento;Intersezione semaforizzata;Due carreggiate;Asciutto;Asfaltata;Verticale ed orizzontale;Sereno;Normale;Buona;Ore Diurne;0;0;0;4;12.462;41.92118;-1;2;Autovettura privata;In marcia / fermata / arresto;Passeggero;F;Illeso;0;;Non accertato;Inesistente
2123541;17;09/08/2014 14:20;Strada Urbana;VIA TIMAVO;all'intersezione semaforizzata con;LUNGOTEVERE DELLA VITTORIA;LUNGOTEVERE DELLA VITTORIA;;;Tamponamento;Intersezione semaforizzata;Due carreggiate;Asciutto;Asfaltata;Verticale ed orizzontale;Sereno;Normale;Buona;Ore Diurne;0;0;0;4;12.462;41.92118;-1;2;Autovettura privata;In marcia / fermata / arresto;Passeggero;F;Illeso;0;;Non accertato;Inesistente
2123545;16;07/08/2014 16:30;Strada Urbana;VIA DI MONTE VERDE;all'intersezione semaforizzata con;VIALE DEI COLLI PORTUENSI;VIALE DEI COLLI PORTUENSI;;;Scontro laterale fra veicoli in marcia;Intersezione semaforizzata;Una carreggiata a doppio senso;Asciutto;Asfaltata;Verticale ed orizzontale;Sereno;Normale;Buona;Ore Diurne;0;0;0;3;12.44401;41.86665;-1;1;Autovettura privata;In marcia / fermata / arresto;Conducente;F;Illeso;0;;Non accertato;Inesploso
2123545;16;07/08/2014 16:30;Strada Urbana;VIA DI MONTE VERDE;all'intersezione semaforizzata con;VIALE DEI COLLI PORTUENSI;VIALE DEI COLLI PORTUENSI;;;Scontro laterale fra veicoli in marcia;Intersezione semaforizzata;Una carreggiata a doppio senso;Asciutto;Asfaltata;Verticale ed orizzontale;Sereno;Normale;Buona;Ore Diurne;0;0;0;3;12.44401;41.86665;-1;1;Autovettura privata;In marcia / fermata / arresto;Passeggero;M;Illeso;0;;Non accertato;Inesploso
2123545;16;07/08/2014 16:30;Strada Urbana;VIA DI MONTE VERDE;all'intersezione semaforizzata con;VIALE DEI COLLI PORTUENSI;VIALE DEI COLLI PORTUENSI;;;Scontro laterale fra veicoli in marcia;Intersezione semaforizzata;Una carreggiata a doppio senso;Asciutto;Asfaltata;Verticale ed orizzontale;Sereno;Normale;Buona;Ore Diurne;0;0;0;3;12.44401;41.86665;-1;2;Motociclo a solo;In marcia / fermata / arresto;Conducente;F;Illeso;0;;Non accertato;
2123546;13;09/08/2014 18:00;Strada Urbana;VIA DOMENICO BAFFIGO;all'intersezione con;VIA MARIO MASTRANGELO;VIA MARIO MASTRANGELO;;;Scontro frontale/laterale DX fra veicoli in marcia;Incrocio;Una carreggiata a doppio senso;Asciutto;Asfaltata;Verticale ed orizzontale;Sereno;Scarso;Buona;Ore Diurne;0;0;0;2;12.25562;41.739;-1;1;Autovettura privata;In marcia / fermata / arresto;Conducente;M;Illeso;0;;Non accertato;Inesploso
2123546;13;09/08/2014 18:00;Strada Urbana;VIA DOMENICO BAFFIGO;all'intersezione con;VIA MARIO MASTRANGELO;VIA MARIO MASTRANGELO;;;Scontro frontale/laterale DX fra veicoli in marcia;Incrocio;Una carreggiata a doppio senso;Asciutto;Asfaltata;Verticale ed orizzontale;Sereno;Scarso;Buona;Ore Diurne;0;0;0;2;12.25562;41.739;-1;2;Autovettura privata;In marcia / fermata / arresto;Conducente;M;Illeso;0;;;
2123551;12;11/08/2014 04:00;Provinciale;VIA PONTINA;in prossimità;;della chilometrica;21;;Veicolo in marcia contro ostacolo fisso;Curva a visuale libera;Due carreggiate;Asciutto;Asfaltata;Verticale ed orizzontale;Sereno;Normale;Buona;Inesistente;1;0;0;0;12.45072;41.78954;-1;1;Autovettura privata;In marcia / fermata / arresto;Conducente;M;Rimandato;0;NON DECEDUTO;Utilizzato;Inesploso
2123552;16;07/08/2014 18:30;Strada Urbana;VIA LUIGI ZAMBARELLI;in corrispondenza;;del civico n.;10;;Scontro frontale/laterale DX fra veicoli in marcia;Rettilineo;Una carreggiata a doppio senso;Asciutto;Asfaltata;Assente;Sereno;Normale;Buona;Ore Diurne;1;0;0;2;12.44537;41.87626;-1;1;Autovettura privata;In marcia / fermata / arresto;Conducente;M;Illeso;0;;Non accertato;Inesploso
2123552;16;07/08/2014 18:30;Strada Urbana;VIA LUIGI ZAMBARELLI;in corrispondenza;;del civico n.;10;;Scontro frontale/laterale DX fra veicoli in marcia;Rettilineo;Una carreggiata a doppio senso;Asciutto;Asfaltata;Assente;Sereno;Normale;Buona;Ore Diurne;1;0;0;2;12.44537;41.87626;-1;2;Autovettura privata;In marcia / fermata / arresto;Conducente;F;Illeso;0;;Non accertato;Inesploso
2123552;16;07/08/2014 18:30;Strada Urbana;VIA LUIGI ZAMBARELLI;in corrispondenza;;del civico n.;10;;Scontro frontale/laterale DX fra veicoli in marcia;Rettilineo;Una carreggiata a doppio senso;Asciutto;Asfaltata;Assente;Sereno;Normale;Buona;Ore Diurne;1;0;0;2;12.44537;41.87626;-1;3;Motociclo a solo;In marcia / fermata / arresto;Conducente;M;Rimandato;0;NON DECEDUTO;Non accertato;
2123561;13;10/08/2014 10:10;Strada Urbana;VIA ISOLE DEL CAPO VERDE;in prossimità;;del civico n.;277;;Veicolo in marcia contro veicolo in sosta;Curva senza visuale libera;Due carreggiate;Asciutto;Asfaltata;Verticale ed orizzontale;Sereno;Scarso;Buona;Ore Diurne;2;0;0;0;12.27002;41.73711;-1;1;Motociclo con passeggero;In marcia / fermata / arresto;Conducente;M;Rimandato;0;NON DECEDUTO;Non accertato;
2123561;13;10/08/2014 10:10;Strada Urbana;VIA ISOLE DEL CAPO VERDE;in prossimità;;del civico n.;277;;Veicolo in marcia contro veicolo in sosta;Curva senza visuale libera;Due carreggiate;Asciutto;Asfaltata;Verticale ed orizzontale;Sereno;Scarso;Buona;Ore Diurne;2;0;0;0;12.27002;41.73711;-1;1;Motociclo con passeggero;In marcia / fermata / arresto;Passeggero;M;Rimandato;0;NON DECEDUTO;Non accertato;
2123564;17;08/08/2014 06:45;Strada Urbana;VIA CUNFIDA;all'intersezione con;VIA TRIONFALE;VIA TRIONFALE;;;Scontro laterale fra veicoli in marcia;Incrocio;Una carreggiata a senso unico di marcia;Asciutto;Asfaltata;Verticale ed orizzontale;Sereno;Scarso;Buona;Ore Diurne;0;0;0;4;12.45204;41.91301;-1;1;Autocarro inferiore 35 q.;In marcia / fermata / arresto;Conducente;M;Illeso;0;;;
2123564;17;08/08/2014 06:45;Strada Urbana;VIA CUNFIDA;all'intersezione con;VIA TRIONFALE;VIA TRIONFALE;;;Scontro laterale fra veicoli in marcia;Incrocio;Una carreggiata a senso unico di marcia;Asciutto;Asfaltata;Verticale ed orizzontale;Sereno;Scarso;Buona;Ore Diurne;0;0;0;4;12.45204;41.91301;-1;1;Autocarro inferiore 35 q.;In marcia / fermata / arresto;Passeggero;F;Illeso;0;;;
2123564;17;08/08/2014 06:45;Strada Urbana;VIA CUNFIDA;all'intersezione con;VIA TRIONFALE;VIA TRIONFALE;;;Scontro laterale fra veicoli in marcia;Incrocio;Una carreggiata a senso unico di marcia;Asciutto;Asfaltata;Verticale ed orizzontale;Sereno;Scarso;Buona;Ore Diurne;0;0;0;4;12.45204;41.91301;-1;2;Autovettura privata;In marcia / fermata / arresto;Conducente;M;Illeso;0;;;
2123564;17;08/08/2014 06:45;Strada Urbana;VIA CUNFIDA;all'intersezione con;VIA TRIONFALE;VIA TRIONFALE;;;Scontro laterale fra veicoli in marcia;Incrocio;Una carreggiata a senso unico di marcia;Asciutto;Asfaltata;Verticale ed orizzontale;Sereno;Scarso;Buona;Ore Diurne;0;0;0;4;12.45204;41.91301;-1;2;Autovettura privata;In marcia / fermata / arresto;Passeggero;M;Illeso;0;;;
2123566;17;08/08/2014 09:54;Strada Urbana;VIA SANTAMAURA;in corrispondenza;;del civico n.;5;;Investimento di pedone;Rettilineo;Una carreggiata a senso unico di marcia;Asciutto;Asfaltata;Verticale ed orizzontale;Sereno;Normale;Buona;Ore Diurne;1;0;0;1;12.45399;41.90777;-1;;;;Pedone;M;Ricoverato;0;NON DECEDUTO;;
2123566;17;08/08/2014 09:54;Strada Urbana;VIA SANTAMAURA;in corrispondenza;;del civico n.;5;;Investimento di pedone;Rettilineo;Una carreggiata a senso unico di marcia;Asciutto;Asfaltata;Verticale ed orizzontale;Sereno;Normale;Buona;Ore Diurne;1;0;0;1;12.45399;41.90777;-1;1;Autovettura pubblica;In marcia / fermata / arresto;Conducente;M;Illeso;0;;Non accertato;
2123570;16;08/08/2014 08:15;Strada Urbana;VIA DI DONNA OLIMPIA;in corrispondenza;;del civico n.;156;;Scontro laterale fra veicoli in marcia;Rettilineo;Una carreggiata a doppio senso;Asciutto;Asfaltata;Orizzontale;Sereno;Normale;Buona;Ore Diurne;1;0;0;2;12.45449;41.87559;-1;1;Autocarro inferiore 35 q.;In marcia / fermata / arresto;Conducente;M;Illeso;0;;Non accertato;Inesploso
2123570;16;08/08/2014 08:15;Strada Urbana;VIA DI DONNA OLIMPIA;in corrispondenza;;del civico n.;156;;Scontro laterale fra veicoli in marcia;Rettilineo;Una carreggiata a doppio senso;Asciutto;Asfaltata;Orizzontale;Sereno;Normale;Buona;Ore Diurne;1;0;0;2;12.45449;41.87559;-1;1;Autocarro inferiore 35 q.;In marcia / fermata / arresto;Passeggero;M;Illeso;0;;Non accertato;Inesploso
2123570;16;08/08/2014 08:15;Strada Urbana;VIA DI DONNA OLIMPIA;in corrispondenza;;del civico n.;156;;Scontro laterale fra veicoli in marcia;Rettilineo;Una carreggiata a doppio senso;Asciutto;Asfaltata;Orizzontale;Sereno;Normale;Buona;Ore Diurne;1;0;0;2;12.45449;41.87559;-1;2;Motociclo con passeggero;In marcia / fermata / arresto;Conducente;M;Rimandato;0;NON DECEDUTO;Non accertato;
2123580;16;08/08/2014 10:20;Strada Urbana;VIA DEL CASALE LUMBROSO;in prossimità;;del civico n.;155;;Veicolo in marcia contro ostacolo accidentale;Rettilineo;Una carreggiata a doppio senso;Asciutto;Asfaltata;Verticale;Sereno;Normale;Buona;Ore Diurne;0;0;0;3;12.36433;41.86981;-1;1;Autovettura privata;In marcia / fermata / arresto;Conducente;F;Illeso;0;;;
2123580;16;08/08/2014 10:20;Strada Urbana;VIA DEL CASALE LUMBROSO;in prossimità;;del civico n.;155;;Veicolo in marcia contro ostacolo accidentale;Rettilineo;Una carreggiata a doppio senso;Asciutto;Asfaltata;Verticale;Sereno;Normale;Buona;Ore Diurne;0;0;0;3;12.36433;41.86981;-1;1;Autovettura privata;In marcia / fermata / arresto;Passeggero;F;Illeso;0;;;
2123580;16;08/08/2014 10:20;Strada Urbana;VIA DEL CASALE LUMBROSO;in prossimità;;del civico n.;155;;Veicolo in marcia contro ostacolo accidentale;Rettilineo;Una carreggiata a doppio senso;Asciutto;Asfaltata;Verticale;Sereno;Normale;Buona;Ore Diurne;0;0;0;3;12.36433;41.86981;-1;1;Autovettura privata;In marcia / fermata / arresto;Passeggero;F;Illeso;0;;;
2123583;8;11/08/2014 10:35;Strada Urbana;VIA GIORGIO GRAPPELLI;in prossimità;;del palo luce n.;20;;Veicolo in marcia contro ostacolo accidentale;Rettilineo;Due carreggiate;Asciutto;Asfaltata;Verticale ed orizzontale;Sereno;Normale;Sufficiente;Ore Diurne;0;0;0;1;12.65738;41.91172;-1;1;Autobus urbano;In marcia / fermata / arresto;Conducente;M;Illeso;0;;Non accertato;Inesistente
2123593;17;08/08/2014 09:35;Strada Urbana;GALLERIA PRINCIPE AMEDEO SAVOIA AOSTA;da specificare;;;;tra V. di Porta Cavalleggeri e P.zza Della Rovere;Tamponamento Multiplo;Rettilineo;Una carreggiata a doppio senso;Asciutto;Asfaltata;Orizzontale;Sereno;Normale;Sufficiente;Sufficiente;2;0;0;2;12.45963;41.89973;-1;1;Autovettura privata;In marcia / fermata / arresto;Conducente;M;Rimandato;0;NON DECEDUTO;Non accertato;Inesploso
2123593;17;08/08/2014 09:35;Strada Urbana;GALLERIA PRINCIPE AMEDEO SAVOIA AOSTA;da specificare;;;;tra V. di Porta Cavalleggeri e P.zza Della Rovere;Tamponamento Multiplo;Rettilineo;Una carreggiata a doppio senso;Asciutto;Asfaltata;Orizzontale;Sereno;Normale;Sufficiente;Sufficiente;2;0;0;2;12.45963;41.89973;-1;1;Autovettura privata;In marcia / fermata / arresto;Passeggero;F;Rimandato;0;NON DECEDUTO;Non accertato;
2123593;17;08/08/2014 09:35;Strada Urbana;GALLERIA PRINCIPE AMEDEO SAVOIA AOSTA;da specificare;;;;tra V. di Porta Cavalleggeri e P.zza Della Rovere;Tamponamento Multiplo;Rettilineo;Una carreggiata a doppio senso;Asciutto;Asfaltata;Orizzontale;Sereno;Normale;Sufficiente;Sufficiente;2;0;0;2;12.45963;41.89973;-1;2;Autovettura privata;In marcia / fermata / arresto;Conducente;M;Illeso;0;;Non accertato;
2123593;17;08/08/2014 09:35;Strada Urbana;GALLERIA PRINCIPE AMEDEO SAVOIA AOSTA;da specificare;;;;tra V. di Porta Cavalleggeri e P.zza Della Rovere;Tamponamento Multiplo;Rettilineo;Una carreggiata a doppio senso;Asciutto;Asfaltata;Orizzontale;Sereno;Normale;Sufficiente;Sufficiente;2;0;0;2;12.45963;41.89973;-1;3;Autovettura privata;In marcia / fermata / arresto;Conducente;M;Illeso;0;;Non accertato;Esploso
2123594;18;09/08/2014 16:25;Strada Urbana;VIA DI VAL CANNUTA;all'intersezione con;VIA ENRICO DE OSSO';VIA ENRICO DE OSSO';;;Scontro frontale/laterale SX fra veicoli in marcia;Incrocio;Una carreggiata a doppio senso;Asciutto;Asfaltata;Verticale ed orizzontale;Sereno;Scarso;Buona;Ore Diurne;1;0;0;2;12.41138;41.89776;-1;1;Autovettura privata;In marcia / fermata / arresto;Conducente;M;Illeso;0;;Non accertato;Inesploso
2123594;18;09/08/2014 16:25;Strada Urbana;VIA DI VAL CANNUTA;all'intersezione con;VIA ENRICO DE OSSO';VIA ENRICO DE OSSO';;;Scontro frontale/laterale SX fra veicoli in marcia;Incrocio;Una carreggiata a doppio senso;Asciutto;Asfaltata;Verticale ed orizzontale;Sereno;Scarso;Buona;Ore Diurne;1;0;0;2;12.41138;41.89776;-1;2;Autovettura privata;In marcia / fermata / arresto;Conducente;F;Illeso;0;;Non accertato;Esploso
2123594;18;09/08/2014 16:25;Strada Urbana;VIA DI VAL CANNUTA;all'intersezione con;VIA ENRICO DE OSSO';VIA ENRICO DE OSSO';;;Scontro frontale/laterale SX fra veicoli in marcia;Incrocio;Una carreggiata a doppio senso;Asciutto;Asfaltata;Verticale ed orizzontale;Sereno;Scarso;Buona;Ore Diurne;1;0;0;2;12.41138;41.89776;-1;2;Autovettura privata;In marcia / fermata / arresto;Passeggero;F;Rimandato;0;NON DECEDUTO;Non accertato;Esploso
2123595;13;10/08/2014 15:30;Strada Urbana;VIALE DEI ROMAGNOLI;all'intersezione con;VIA DELLA GENTE SALINATORIA;VIA DELLA GENTE SALINATORIA;;;Scontro frontale/laterale DX fra veicoli in marcia;Incrocio;Una carreggiata a doppio senso;Asciutto;Asfaltata;Orizzontale;Sereno;Scarso;Buona;Ore Diurne;2;0;0;2;12.32203;41.76901;-1;1;Autovettura privata;In marcia / fermata / arresto;Conducente;M;Rimandato;0;NON DECEDUTO;Non accertato;Inesploso
2123595;13;10/08/2014 15:30;Strada Urbana;VIALE DEI ROMAGNOLI;all'intersezione con;VIA DELLA GENTE SALINATORIA;VIA DELLA GENTE SALINATORIA;;;Scontro frontale/laterale DX fra veicoli in marcia;Incrocio;Una carreggiata a doppio senso;Asciutto;Asfaltata;Orizzontale;Sereno;Scarso;Buona;Ore Diurne;2;0;0;2;12.32203;41.76901;-1;1;Autovettura privata;In marcia / fermata / arresto;Passeggero;F;Rimandato;0;NON DECEDUTO;Non accertato;Inesploso
2123595;13;10/08/2014 15:30;Strada Urbana;VIALE DEI ROMAGNOLI;all'intersezione con;VIA DELLA GENTE SALINATORIA;VIA DELLA GENTE SALINATORIA;;;Scontro frontale/laterale DX fra veicoli in marcia;Incrocio;Una carreggiata a doppio senso;Asciutto;Asfaltata;Orizzontale;Sereno;Scarso;Buona;Ore Diurne;2;0;0;2;12.32203;41.76901;-1;2;Autovettura privata;In marcia / fermata / arresto;Conducente;M;Illeso;0;;Non accertato;Inesploso
2123595;13;10/08/2014 15:30;Strada Urbana;VIALE DEI ROMAGNOLI;all'intersezione con;VIA DELLA GENTE SALINATORIA;VIA DELLA GENTE SALINATORIA;;;Scontro frontale/laterale DX fra veicoli in marcia;Incrocio;Una carreggiata a doppio senso;Asciutto;Asfaltata;Orizzontale;Sereno;Scarso;Buona;Ore Diurne;2;0;0;2;12.32203;41.76901;-1;2;Autovettura privata;In marcia / fermata / arresto;Passeggero;F;Illeso;0;;Non accertato;Inesploso