Protocollo;Gruppo;DataOraIncidente;Localizzazione1;STRADA1;Localizzazione2;STRADA2;Strada02;Chilometrica;DaSpecificare;NaturaIncidente;particolaritastrade;TipoStrada;FondoStradale;Pavimentazione;Segnaletica;CondizioneAtmosferica;Traffico;Visibilita;Illuminazione;NUM_FERITI;NUM_RISERVATA;NUM_MORTI;NUM_ILLESI;Longitudine;Latitudine;Confermato;Progressivo;TipoVeicolo;StatoVeicolo;TipoPersona;Sesso;Tipolesione;Deceduto;DecedutoDopo;CinturaCascoUtilizzato;Airbag
2124260;5;12/08/2014 14:30;Strada Urbana;Tangenziale Est;all'intersezione con;VIA TIBURTINA;VIA TIBURTINA;;;Scontro laterale fra veicoli in marcia;Incrocio;Una carreggiata a senso unico di marcia;Asciutto;Asfaltata;Verticale ed orizzontale;Sereno;Normale;Buona;Ore Diurne;0;0;0;2;12.55355;41.91208;-1;1;Autovettura privata;In marcia / fermata / arresto;Conducente;F;Illeso;0;;Non accertato;Inesploso
2124260;5;12/08/2014 14:30;Strada Urbana;Tangenziale Est;all'intersezione con;VIA TIBURTINA;VIA TIBURTINA;;;Scontro laterale fra veicoli in marcia;Incrocio;Una carreggiata a senso unico di marcia;Asciutto;Asfaltata;Verticale ed orizzontale;Sereno;Normale;Buona;Ore Diurne;0;0;0;2;12.55355;41.91208;-1;2;Autobus di linea;In marcia / fermata / arresto;Conducente;M;Illeso;0;;Non accertato;Inesistente
2124291;18;11/08/2014 18:45;Strada Urbana;VIA DI TORREVECCHIA;in prossimità;;del civico n.;1143;;Scontro frontale/laterale SX fra veicoli in marcia;Rettilineo;Una carreggiata a doppio senso;Asciutto;Asfaltata;Orizzontale;Sereno;Normale;Buona;Ore Diurne;1;0;0;1;12.40188;41.91201;-1;1;Autovettura privata;In marcia / fermata / arresto;Conducente;M;Illeso;0;;Non accertato;Inesploso
2124291;18;11/08/2014 18:45;Strada Urbana;VIA DI TORREVECCHIA;in prossimità;;del civico n.;1143;;Scontro frontale/laterale SX fra veicoli in marcia;Rettilineo;Una carreggiata a doppio senso;Asciutto;Asfaltata;Orizzontale;Sereno;Normale;Buona;Ore Diurne;1;0;0;1;12.40188;41.91201;-1;2;Motociclo a solo;In marcia / fermata / arresto;Conducente;M;Rimandato;0;NON DECEDUTO;Non accertato;
2124305;18;11/08/2014 17:30;Strada Urbana;VIA DI BOCCEA;all'intersezione con;VIA DI PANTAN MONASTERO;VIA DI PANTAN MONASTERO;;;Scontro frontale/laterale DX fra veicoli in marcia;Intersezione stradale segnalata;Una carreggiata a doppio senso;Asciutto;Asfaltata;Verticale ed orizzontale;Sereno;Normale;Buona;Ore Diurne;0;0;0;4;12.36265;41.92533;-1;1;Autovettura privata;In marcia / fermata / arresto;Conducente;F;Illeso;0;;Non accertato;Inesploso
2124305;18;11/08/2014 17:30;Strada Urbana;VIA DI BOCCEA;all'intersezione con;VIA DI PANTAN MONASTERO;VIA DI PANTAN MONASTERO;;;Scontro frontale/laterale DX fra veicoli in marcia;Intersezione stradale segnalata;Una carreggiata a doppio senso;Asciutto;Asfaltata;Verticale ed orizzontale;Sereno;Normale;Buona;Ore Diurne;0;0;0;4;12.36265;41.92533;-1;1;Autovettura privata;In marcia / fermata / arresto;Passeggero;F;Illeso;0;;Non accertato;Inesploso
2124305;18;11/08/2014 17:30;Strada Urbana;VIA DI BOCCEA;all'intersezione con;VIA DI PANTAN MONASTERO;VIA DI PANTAN MONASTERO;;;Scontro frontale/laterale DX fra veicoli in marcia;Intersezione stradale segnalata;Una carreggiata a doppio senso;Asciutto;Asfaltata;Verticale ed orizzontale;Sereno;Normale;Buona;Ore Diurne;0;0;0;4;12.36265;41.92533;-1;2;Autovettura privata;In marcia / fermata / arresto;Conducente;F;Illeso;0;;Non accertato;Inesploso
2124305;18;11/08/2014 17:30;Strada Urbana;VIA DI BOCCEA;all'intersezione con;VIA DI PANTAN MONASTERO;VIA DI PANTAN MONASTERO;;;Scontro frontale/laterale DX fra veicoli in marcia;Intersezione stradale segnalata;Una carreggiata a doppio senso;Asciutto;Asfaltata;Verticale ed orizzontale;Sereno;Normale;Buona;Ore Diurne;0;0;0;4;12.36265;41.92533;-1;2;Autovettura privata;In marcia / fermata / arresto;Passeggero;F;Illeso;0;;Non accertato;Inesploso
2124317;23;06/08/2014 12:10;Strada Urbana;PIAZZA ADRIANA;all'intersezione con;VIA DELLE FOSSE DI CASTELLO;VIA DELLE FOSSE DI CASTELLO;;;Scontro laterale fra veicoli in marcia;Intersezione stradale segnalata;Una carreggiata a senso unico di marcia;Asciutto;Asfaltata;Verticale ed orizzontale;Sereno;Normale;Buona;Ore Diurne;0;0;0;3;12.46393;41.90391;-1;1;Autovettura privata;In marcia / fermata / arresto;Conducente;M;Illeso;0;;;
2124317;23;06/08/2014 12:10;Strada Urbana;PIAZZA ADRIANA;all'intersezione con;VIA DELLE FOSSE DI CASTELLO;VIA DELLE FOSSE DI CASTELLO;;;Scontro laterale fra veicoli in marcia;Intersezione stradale segnalata;Una carreggiata a senso unico di marcia;Asciutto;Asfaltata;Verticale ed orizzontale;Sereno;Normale;Buona;Ore Diurne;0;0;0;3;12.46393;41.90391;-1;1;Autovettura privata;In marcia / fermata / arresto;Passeggero;F;Illeso;0;;;
2124317;23;06/08/2014 12:10;Strada Urbana;PIAZZA ADRIANA;all'intersezione con;VIA DELLE FOSSE DI CASTELLO;VIA DELLE FOSSE DI CASTELLO;;;Scontro laterale fra veicoli in marcia;Intersezione stradale segnalata;Una carreggiata a senso unico di marcia;Asciutto;Asfaltata;Verticale ed orizzontale;Sereno;Normale;Buona;Ore Diurne;0;0;0;3;12.46393;41.90391;-1;2;Autobus turistico;In marcia / fermata / arresto;Conducente;M;Illeso;0;;;
2124320;6;12/08/2014 18:00;Strada Urbana;PIAZZA DEI CONDOTTIERI;in corrispondenza;;del civico n.;50;;Veicolo in marcia contro veicolo in sosta;Rettilineo;Una carreggiata a doppio senso;Asciutto;Asfaltata;Orizzontale;Sereno;Scarso;Buona;Ore Diurne;0;0;0;1;12.53484;41.88806;-1;1;Autovettura privata;In marcia / fermata / arresto;Conducente;M;Illeso;0;;Non accertato;Inesploso
2124322;18;11/08/2014 10:40;Strada Urbana;VIA AURELIA;in prossimità;;del civico n.;480;;Scontro frontale/laterale SX fra veicoli in marcia;Rettilineo;Una carreggiata a doppio senso;Asciutto;Asfaltata;Verticale ed orizzontale;Sereno;Normale;Buona;Ore Diurne;0;0;0;3;12.42482;41.89844;-1;1;Autovettura privata;In marcia / fermata / arresto;Conducente;M;Illeso;0;;Non accertato;Inesploso
2124322;18;11/08/2014 10:40;Strada Urbana;VIA AURELIA;in prossimità;;del civico n.;480;;Scontro frontale/laterale SX fra veicoli in marcia;Rettilineo;Una carreggiata a doppio senso;Asciutto;Asfaltata;Verticale ed orizzontale;Sereno;Normale;Buona;Ore Diurne;0;0;0;3;12.42482;41.89844;-1;1;Autovettura privata;In marcia / fermata / arresto;Passeggero;M;Illeso;0;;Non accertato;Inesploso
2124322;18;11/08/2014 10:40;Strada Urbana;VIA AURELIA;in prossimità;;del civico n.;480;;Scontro frontale/laterale SX fra veicoli in marcia;Rettilineo;Una carreggiata a doppio senso;Asciutto;Asfaltata;Verticale ed orizzontale;Sereno;Normale;Buona;Ore Diurne;0;0;0;3;12.42482;41.89844;-1;2;Autovettura pubblica;In marcia / fermata / arresto;Conducente;M;Illeso;0;;Non accertato;Inesploso
2124329;23;11/08/2014 10:15;Strada Urbana;VIA CRISTOFORO COLOMBO;in corrispondenza;;della chilometrica;19.5;;Scontro frontale/laterale DX fra veicoli in marcia;Rettilineo;Una carreggiata a senso unico di marcia;Asciutto;Asfaltata;Verticale ed orizzontale;Sereno;Normale;Buona;Ore Diurne;1;0;0;1;12.39256;41.77262;-1;1;Motociclo a solo;In marcia / fermata / arresto;Conducente;M;Ricoverato;0;NON DECEDUTO;Non accertato;
2124329;23;11/08/2014 10:15;Strada Urbana;VIA CRISTOFORO COLOMBO;in corrispondenza;;della chilometrica;19.5;;Scontro frontale/laterale DX fra veicoli in marcia;Rettilineo;Una carreggiata a senso unico di marcia;Asciutto;Asfaltata;Verticale ed orizzontale;Sereno;Normale;Buona;Ore Diurne;1;0;0;1;12.39256;41.77262;-1;2;Autovettura privata;In marcia / fermata / arresto;Conducente;F;Illeso;0;;Non accertato;Inesploso
2124340;23;11/08/2014 17:10;Strada Urbana;LUNGOTEVERE DE' CENCI;in corrispondenza;;del civico n.;10;;Veicolo in marcia contro veicoli in arresto;Curva a visuale libera;Una carreggiata a senso unico di marcia;Asciutto;Asfaltata;Verticale ed orizzontale;Sereno;Scarso;Buona;Ore Diurne;0;0;0;7;12.47647;41.89194;-1;1;Autovettura privata;In marcia / fermata / arresto;Conducente;F;Illeso;0;;Utilizzato;Inesploso
2124340;23;11/08/2014 17:10;Strada Urbana;LUNGOTEVERE DE' CENCI;in corrispondenza;;del civico n.;10;;Veicolo in marcia contro veicoli in arresto;Curva a visuale libera;Una carreggiata a senso unico di marcia;Asciutto;Asfaltata;Verticale ed orizzontale;Sereno;Scarso;Buona;Ore Diurne;0;0;0;7;12.47647;41.89194;-1;1;Autovettura privata;In marcia / fermata / arresto;Passeggero;F;Illeso;0;;Utilizzato;Inesploso
2124340;23;11/08/2014 17:10;Strada Urbana;LUNGOTEVERE DE' CENCI;in corrispondenza;;del civico n.;10;;Veicolo in marcia contro veicoli in arresto;Curva a visuale libera;Una carreggiata a senso unico di marcia;Asciutto;Asfaltata;Verticale ed orizzontale;Sereno;Scarso;Buona;Ore Diurne;0;0;0;7;12.47647;41.89194;-1;1;Autovettura privata;In marcia / fermata / arresto;Passeggero;F;Illeso;0;;Utilizzato;Inesploso
2124340;23;11/08/2014 17:10;Strada Urbana;LUNGOTEVERE DE' CENCI;in corrispondenza;;del civico n.;10;;Veicolo in marcia contro veicoli in arresto;Curva a visuale libera;Una carreggiata a senso unico di marcia;Asciutto;Asfaltata;Verticale ed orizzontale;Sereno;Scarso;Buona;Ore Diurne;0;0;0;7;12.47647;41.89194;-1;1;Autovettura privata;In marcia / fermata / arresto;Passeggero;F;Illeso;0;;Utilizzato;Inesploso
2124340;23;11/08/2014 17:10;Strada Urbana;LUNGOTEVERE DE' CENCI;in corrispondenza;;del civico n.;10;;Veicolo in marcia contro veicoli in arresto;Curva a visuale libera;Una carreggiata a senso unico di marcia;Asciutto;Asfaltata;Verticale ed orizzontale;Sereno;Scarso;Buona;Ore Diurne;0;0;0;7;12.47647;41.89194;-1;2;Autovettura privata;In marcia / fermata / arresto;Conducente;M;Illeso;0;;Non accertato;Inesploso
2124340;23;11/08/2014 17:10;Strada Urbana;LUNGOTEVERE DE' CENCI;in corrispondenza;;del civico n.;10;;Veicolo in marcia contro veicoli in arresto;Curva a visuale libera;Una carreggiata a senso unico di marcia;Asciutto;Asfaltata;Verticale ed orizzontale;Sereno;Scarso;Buona;Ore Diurne;0;0;0;7;12.47647;41.89194;-1;2;Autovettura privata;In marcia / fermata / arresto;Passeggero;F;Illeso;0;;Non accertato;Inesploso
2124340;23;11/08/2014 17:10;Strada Urbana;LUNGOTEVERE DE' CENCI;in corrispondenza;;del civico n.;10;;Veicolo in marcia contro veicoli in arresto;Curva a visuale libera;Una carreggiata a senso unico di marcia;Asciutto;Asfaltata;Verticale ed orizzontale;Sereno;Scarso;Buona;Ore Diurne;0;0;0;7;12.47647;41.89194;-1;2;Autovettura privata;In marcia / fermata / arresto;Passeggero;F;Illeso;0;;Non accertato;Inesploso
2124356;23;11/08/2014 17:15;Comunale extraurbana;VIA CRISTOFORO COLOMBO;in corrispondenza;;del civico n.;1891;;Scontro laterale fra veicoli in marcia;Rettilineo;Più di due carreggiate;Asciutto;Asfaltata;Verticale ed orizzontale;Sereno;Normale;Buona;Ore Diurne;0;0;0;4;12.36944;41.75438;-1;1;Autovettura privata;In marcia / fermata / arresto;Conducente;M;Illeso;0;;;Inesploso
2124356;23;11/08/2014 17:15;Comunale extraurbana;VIA CRISTOFORO COLOMBO;in corrispondenza;;del civico n.;1891;;Scontro laterale fra veicoli in marcia;Rettilineo;Più di due carreggiate;Asciutto;Asfaltata;Verticale ed orizzontale;Sereno;Normale;Buona;Ore Diurne;0;0;0;4;12.36944;41.75438;-1;1;Autovettura privata;In marcia / fermata / arresto;Passeggero;M;Illeso;0;;Non accertato;Inesploso
2124356;23;11/08/2014 17:15;Comunale extraurbana;VIA CRISTOFORO COLOMBO;in corrispondenza;;del civico n.;1891;;Scontro laterale fra veicoli in marcia;Rettilineo;Più di due carreggiate;Asciutto;Asfaltata;Verticale ed orizzontale;Sereno;Normale;Buona;Ore Diurne;0;0;0;4;12.36944;41.75438;-1;2;Autovettura privata;In marcia / fermata / arresto;Conducente;F;Illeso;0;;Non accertato;Inesploso
2124356;23;11/08/2014 17:15;Comunale extraurbana;VIA CRISTOFORO COLOMBO;in corrispondenza;;del civico n.;1891;;Scontro laterale fra veicoli in marcia;Rettilineo;Più di due carreggiate;Asciutto;Asfaltata;Verticale ed orizzontale;Sereno;Normale;Buona;Ore Diurne;0;0;0;4;12.36944;41.75438;-1;2;Autovettura privata;In marcia / fermata / arresto;Passeggero;F;Illeso;0;;Non accertato;Inesploso
2124360;18;11/08/2014 17:10;Strada Urbana;VIA MATTIA BATTISTINI;da specificare;;;;in prossimità di Via di Boccea;Scontro laterale fra veicoli in marcia;Rettilineo;Una carreggiata a doppio senso;Asciutto;Asfaltata;Verticale ed orizzontale;Sereno;Normale;Buona;Ore Diurne;0;0;0;2;12.41049;41.90498;-1;1;Autocarro inferiore 35 q.;In marcia / fermata / arresto;Conducente;M;Illeso;0;;Non accertato;Inesploso
2124360;18;11/08/2014 17:10;Strada Urbana;VIA MATTIA BATTISTINI;da specificare;;;;in prossimità di Via di Boccea;Scontro laterale fra veicoli in marcia;Rettilineo;Una carreggiata a doppio senso;Asciutto;Asfaltata;Verticale ed orizzontale;Sereno;Normale;Buona;Ore Diurne;0;0;0;2;12.41049;41.90498;-1;2;Autovettura privata;In marcia / fermata / arresto;Conducente;F;Illeso;0;;Non accertato;Inesploso
2124361;23;11/08/2014 22:45;Comunale extraurbana;VIA CRISTOFORO COLOMBO;in prossimità;;della chilometrica;26.1;;Veicolo in marcia contro ostacolo accidentale;Rettilineo;Due carreggiate;Asciutto;Asfaltata;Verticale ed orizzontale;Sereno;Scarso;Insufficiente;Insufficiente;0;0;0;1;12.43204;41.7931;-1;1;Autovettura privata;In marcia / fermata / arresto;Conducente;F;Illeso;0;;Utilizzato;Inesploso
2124373;8;12/08/2014 12:45;Strada Urbana;VIALE HEIDELBERG;in corrispondenza;;del palo luce n.;19;;Investimento di pedone;Rettilineo;Una carreggiata a senso unico di marcia;Asciutto;Asfaltata;Verticale ed orizzontale;Sereno;Scarso;Buona;Ore Diurne;1;0;0;1;12.6281;41.85657;-1;;;;Pedone;M;Rimandato;0;NON DECEDUTO;;
2124373;8;12/08/2014 12:45;Strada Urbana;VIALE HEIDELBERG;in corrispondenza;;del palo luce n.;19;;Investimento di pedone;Rettilineo;Una carreggiata a senso unico di marcia;Asciutto;Asfaltata;Verticale ed orizzontale;Sereno;Scarso;Buona;Ore Diurne;1;0;0;1;12.6281;41.85657;-1;1;Autovettura privata;In marcia / fermata / arresto;Conducente;M;Illeso;0;;Non accertato;Inesploso
2124374;8;12/08/2014 14:55;Statale entro l'abitato;VIA CASILINA;all'intersezione con;VIA CARLO SANTARELLI;VIA CARLO SANTARELLI;;;Scontro frontale/laterale DX fra veicoli in marcia;Intersezione semaforizzata;Una carreggiata a doppio senso;Asciutto;Asfaltata;Verticale ed orizzontale;Sereno;Normale;Buona;Ore Diurne;2;0;0;1;12.60788;41.86395;-1;1;Autovettura privata;In marcia / fermata / arresto;Conducente;F;Rifiuta cure immediate;0;NON DECEDUTO;Non accertato;Esploso
2124374;8;12/08/2014 14:55;Statale entro l'abitato;VIA CASILINA;all'intersezione con;VIA CARLO SANTARELLI;VIA CARLO SANTARELLI;;;Scontro frontale/laterale DX fra veicoli in marcia;Intersezione semaforizzata;Una carreggiata a doppio senso;Asciutto;Asfaltata;Verticale ed orizzontale;Sereno;Normale;Buona;Ore Diurne;2;0;0;1;12.60788;41.86395;-1;1;Autovettura privata;In marcia / fermata / arresto;Passeggero;F;Rimandato;0;NON DECEDUTO;Non accertato;Esploso
2124374;8;12/08/2014 14:55;Statale entro l'abitato;VIA CASILINA;all'intersezione con;VIA CARLO SANTARELLI;VIA CARLO SANTARELLI;;;Scontro frontale/laterale DX fra veicoli in marcia;Intersezione semaforizzata;Una carreggiata a doppio senso;Asciutto;Asfaltata;Verticale ed orizzontale;Sereno;Normale;Buona;Ore Diurne;2;0;0;1;12.60788;41.86395;-1;2;Autovettura privata;In marcia / fermata / arresto;Conducente;M;Illeso;0;;Non accertato;Inesploso
2124375;8;12/08/2014 17:00;Strada Urbana;VIA LENTINI;in prossimità;;del palo luce n.;11;;Veicolo in marcia contro ostacolo fisso;Pendenza;Una carreggiata a senso unico di marcia;Asciutto;Asfaltata;Verticale ed orizzontale;Sereno;Scarso;Buona;Ore Diurne;1;0;0;0;12.66589;41.85943;-1;1;Quadriciclo leggero;In marcia / fermata / arresto;Conducente;M;Rifiuta cure immediate;0;NON DECEDUTO;Non accertato;Inesploso
2124403;10;12/08/2014 22:30;Strada Urbana;VIA TUSCOLANA;all'intersezione con;VIA DEL MURO LINARI;VIA DEL MURO LINARI;;;Scontro frontale/laterale DX fra veicoli in marcia;Incrocio;Una carreggiata a senso unico di marcia;Asciutto;Asfaltata;Verticale ed orizzontale;Sereno;Normale;Sufficiente;Sufficiente;0;0;0;4;12.61778;41.83174;-1;1;Autovettura privata;In marcia / fermata / arresto;Conducente;M;Illeso;0;;Non accertato;Esploso
2124403;10;12/08/2014 22:30;Strada Urbana;VIA TUSCOLANA;all'intersezione con;VIA DEL MURO LINARI;VIA DEL MURO LINARI;;;Scontro frontale/laterale DX fra veicoli in marcia;Incrocio;Una carreggiata a senso unico di marcia;Asciutto;Asfaltata;Verticale ed orizzontale;Sereno;Normale;Sufficiente;Sufficiente;0;0;0;4;12.61778;41.83174;-1;2;Autovettura privata;In marcia / fermata / arresto;Conducente;F;Illeso;0;;Non accertato;Inesploso
2124403;10;12/08/2014 22:30;Strada Urbana;VIA TUSCOLANA;all'intersezione con;VIA DEL MURO LINARI;VIA DEL MURO LINARI;;;Scontro frontale/laterale DX fra veicoli in marcia;Incrocio;Una carreggiata a senso unico di marcia;Asciutto;Asfaltata;Verticale ed orizzontale;Sereno;Normale;Sufficiente;Sufficiente;0;0;0;4;12.61778;41.83174;-1;2;Autovettura privata;In marcia / fermata / arresto;Passeggero;F;Illeso;0;;Non accertato;Inesploso
2124446;8;12/08/2014 19:15;Strada Urbana;VIA DI ROCCA CENCIA;all'intersezione con;VIA FEROLETO DELLA CHIESA;VIA FEROLETO DELLA CHIESA;;;Scontro frontale/laterale DX fra veicoli in marcia;Intersezione stradale segnalata;Una carreggiata a doppio senso;Asciutto;Asfaltata;Verticale ed orizzontale;Sereno;Normale;Buona;Ore Diurne;1;0;0;1;12.6894;41.86803;-1;1;Autovettura privata;In marcia / fermata / arresto;Conducente;F;Rimandato;0;NON DECEDUTO;Non accertato;Inesploso
2124446;8;12/08/2014 19:15;Strada Urbana;VIA DI ROCCA CENCIA;all'intersezione con;VIA FEROLETO DELLA CHIESA;VIA FEROLETO DELLA CHIESA;;;Scontro frontale/laterale DX fra veicoli in marcia;Intersezione stradale segnalata;Una carreggiata a doppio senso;Asciutto;Asfaltata;Verticale ed orizzontale;Sereno;Normale;Buona;Ore Diurne;1;0;0;1;12.6894;41.86803;-1;2;Autovettura privata;In marcia / fermata / arresto;Conducente;M;Illeso;0;;Non accertato;Inesploso
2124450;11;12/08/2014 09:02;Strada Urbana;PIAZZA ELIO RUFINO;in corrispondenza;;del civico n.;22;;Veicolo in marcia contro veicolo fermo;Pendenza;Una carreggiata a doppio senso;Asciutto;Asfaltata;Verticale ed orizzontale;Sereno;Normale;Buona;Ore Diurne;0;0;0;2;12.4964;41.85832;-1;1;Autovettura privata;In marcia / fermata / arresto;Conducente;M;Illeso;0;;Non utilizzato;
2124450;11;12/08/2014 09:02;Strada Urbana;PIAZZA ELIO RUFINO;in corrispondenza;;del civico n.;22;;Veicolo in marcia contro veicolo fermo;Pendenza;Una carreggiata a doppio senso;Asciutto;Asfaltata;Verticale ed orizzontale;Sereno;Normale;Buona;Ore Diurne;0;0;0;2;12.4964;41.85832;-1;2;Autovettura privata;In marcia / fermata / arresto;Conducente;M;Illeso;0;;Non accertato;Inesploso
2124453;11;12/08/2014 12:55;Strada Urbana;VIA CRISTOFORO COLOMBO;da specificare;;;;fronte civ. 261;Tamponamento;Rettilineo;Più di due carreggiate;Asciutto;Asfaltata;Verticale ed orizzontale;Sereno;Normale;Buona;Ore Diurne;0;0;0;2;12.4966;41.85846;-1;1;Autovettura privata;In marcia / fermata / arresto;Conducente;F;Illeso;0;;Non accertato;Inesploso
2124453;11;12/08/2014 12:55;Strada Urbana;VIA CRISTOFORO COLOMBO;da specificare;;;;fronte civ. 261;Tamponamento;Rettilineo;Più di due carreggiate;Asciutto;Asfaltata;Verticale ed orizzontale;Sereno;Normale;Buona;Ore Diurne;0;0;0;2;12.4966;41.85846;-1;2;Autovettura privata;In marcia / fermata / arresto;Conducente;M;Illeso;0;;Non accertato;Inesploso
2124457;11;12/08/2014 16:00;Strada Urbana;PIAZZA DEL GAZOMETRO;all'intersezione con;VIA DEL COMMERCIO;VIA DEL COMMERCIO;;;Tamponamento;Intersezione stradale segnalata;Una carreggiata a senso unico di marcia;Asciutto;Asfaltata;Verticale ed orizzontale;Sereno;Normale;Buona;Ore Diurne;0;0;0;3;12.47948;41.87041;-1;1;Autovettura privata;In marcia / fermata / arresto;Conducente;M;Illeso;0;;Utilizzato;Inesploso
2124457;11;12/08/2014 16:00;Strada Urbana;PIAZZA DEL GAZOMETRO;all'intersezione con;VIA DEL COMMERCIO;VIA DEL COMMERCIO;;;Tamponamento;Intersezione stradale segnalata;Una carreggiata a senso unico di marcia;Asciutto;Asfaltata;Verticale ed orizzontale;Sereno;Normale;Buona;Ore Diurne;0;0;0;3;12.47948;41.87041;-1;1;Autovettura privata;In marcia / fermata / arresto;Passeggero;F;Illeso;0;;Utilizzato;Inesploso
2124457;11;12/08/2014 16:00;Strada Urbana;PIAZZA DEL GAZOMETRO;all'intersezione con;VIA DEL COMMERCIO;VIA DEL COMMERCIO;;;Tamponamento;Intersezione stradale segnalata;Una carreggiata a senso unico di marcia;Asciutto;Asfaltata;Verticale ed orizzontale;Sereno;Normale;Buona;Ore Diurne;0;0;0;3;12.47948;41.87041;-1;2;Autovettura privata;In marcia / fermata / arresto;Conducente;F;Illeso;0;;Utilizzato;Inesploso
2124463;20;12/08/2014 18:45;Strada Urbana;VIA CASSIA;in prossimità;;del civico n.;f.c. 964;;Tamponamento Multiplo;Rettilineo;Una carreggiata a doppio senso;Asciutto;Asfaltata;Orizzontale;Sereno;Normale;Buona;Ore Diurne;1;0;0;3;12.43182;41.97313;-1;1;Autovettura privata;In marcia / fermata / arresto;Conducente;M;Illeso;0;;Non accertato;Inesploso
2124463;20;12/08/2014 18:45;Strada Urbana;VIA CASSIA;in prossimità;;del civico n.;f.c. 964;;Tamponamento Multiplo;Rettilineo;Una carreggiata a doppio senso;Asciutto;Asfaltata;Orizzontale;Sereno;Normale;Buona;Ore Diurne;1;0;0;3;12.43182;41.97313;-1;2;Autovettura privata;In marcia / fermata / arresto;Conducente;F;Rimandato;0;NON DECEDUTO;Non accertato;Inesploso
2124463;20;12/08/2014 18:45;Strada Urbana;VIA CASSIA;in prossimità;;del civico n.;f.c. 964;;Tamponamento Multiplo;Rettilineo;Una carreggiata a doppio senso;Asciutto;Asfaltata;Orizzontale;Sereno;Normale;Buona;Ore Diurne;1;0;0;3;12.43182;41.97313;-1;3;Autovettura privata;In marcia / fermata / arresto;Conducente;M;Illeso;0;;Non accertato;
2124463;20;12/08/2014 18:45;Strada Urbana;VIA CASSIA;in prossimità;;del civico n.;f.c. 964;;Tamponamento Multiplo;Rettilineo;Una carreggiata a doppio senso;Asciutto;Asfaltata;Orizzontale;Sereno;Normale;Buona;Ore Diurne;1;0;0;3;12.43182;41.97313;-1;3;Autovettura privata;In marcia / fermata / arresto;Passeggero;F;Illeso;0;;Non accertato;
2124464;13;12/08/2014 11:40;Strada Urbana;VIA DI CASTEL FUSANO;in corrispondenza;;del civico n.;16;;Scontro frontale/laterale SX fra veicoli in marcia;Rettilineo;Una carreggiata a doppio senso;Asciutto;Asfaltata;Verticale ed orizzontale;Sereno;Normale;Buona;Ore Diurne;1;0;0;1;12.30765;41.75453;-1;1;Autovettura privata;In marcia / fermata / arresto;Conducente;M;Illeso;0;;Non accertato;Inesploso
2124464;13;12/08/2014 11:40;Strada Urbana;VIA DI CASTEL FUSANO;in corrispondenza;;del civico n.;16;;Scontro frontale/laterale SX fra veicoli in marcia;Rettilineo;Una carreggiata a doppio senso;Asciutto;Asfaltata;Verticale ed orizzontale;Sereno;Normale;Buona;Ore Diurne;1;0;0;1;12.30765;41.75453;-1;2;Motociclo con passeggero;In marcia / fermata / arresto;Conducente;M;Ricoverato;0;NON DECEDUTO;Utilizzato;
2124466;7;13/08/2014 01:05;Provinciale entro l'abitato;VIA PRENESTINA;in corrispondenza;;del civico n.;1042;;Investimento di pedone;Rettilineo;Una carreggiata a doppio senso;Asciutto;Asfaltata;Verticale ed orizzontale;Nuvoloso;Scarso;Insufficiente;Insufficiente;1;0;0;1;12.61367;41.89338;-1;;;;Pedone;M;Ricoverato;0;NON DECEDUTO;;
2124466;7;13/08/2014 01:05;Provinciale entro l'abitato;VIA PRENESTINA;in corrispondenza;;del civico n.;1042;;Investimento di pedone;Rettilineo;Una carreggiata a doppio senso;Asciutto;Asfaltata;Verticale ed orizzontale;Nuvoloso;Scarso;Insufficiente;Insufficiente;1;0;0;1;12.61367;41.89338;-1;1;Autovettura privata;In marcia / fermata / arresto;Conducente;M;Illeso;0;;Non accertato;Inesploso
2124473;7;13/08/2014 03:45;Strada Urbana;VIA MICHELE TENORE;all'intersezione con;VIA FILIPPO ARENA;VIA FILIPPO ARENA;;;Veicolo in marcia contro veicolo in sosta;Rotatoria;Una carreggiata a senso unico di marcia;Asciutto;Asfaltata;Verticale ed orizzontale;Sereno;Scarso;Sufficiente;Sufficiente;0;0;0;1;12.56485;41.89265;-1;1;Autovettura privata;In marcia / fermata / arresto;Conducente;M;Illeso;0;;;
2124482;9;12/08/2014 23:30;Strada Urbana;VIA ACAIA;all'intersezione semaforizzata con;VIA SATRICO;VIA SATRICO;;;Veicolo in marcia contro ostacolo fisso;Incrocio;Una carreggiata a doppio senso;Asciutto;Asfaltata;Verticale ed orizzontale;Sereno;Normale;Sufficiente;Sufficiente;1;0;0;0;12.50817;41.87675;-1;1;Motociclo a solo;In marcia / fermata / arresto;Conducente;M;Rimandato;0;NON DECEDUTO;Non accertato;